course,school,title,description,exam date,exam start,exam end
IS100,SIS,Calculus ,"The basic objective of Calculus is to relate small-scale (differential) quantities to large-scale (integrated) quantities. This is accomplished by means of the Fundamental Theorem of Calculus. Students should demonstrate an understanding of the integral as a cumulative sum, of the derivative as a rate of change, and of the inverse relationship between integration and differentiation.",20190228,8:30,11:45
IS101,SIS,Advanced Calculus,This is a second course on calculus. It is more advanced definitely.,20190228,11:45,15:15
IS102,SIS,Some Mod,Hello,20191125,11:45,15:15
IS103,SIS,All fluff no stuff,Hi,20191126,11:45,15:15
IS104,SIS,fk spm,Idk,20191127,11:45,15:15
IS105,SIS,ok,What,20191128,11:45,15:15
IS106,SIS,can,To,20191129,11:45,15:15
