course,section,day,start,end,instructor,venue,size
IS100,S1,1,8:30,11:45,Albert KHOO,Seminar Rm 2-1,10
IS100,S2,2,12:00,15:15,Billy KHOO,Seminar Rm 2-2,10
IS101,S1,3,15:30,18:45,Cheri KHOO,Seminar Rm 2-3,10
IS101,S2,4,8:30,11:45,Daniel KHOO,Seminar Rm 2-4,10
IS101,S3,5,12:00,15:15,Ernest KHOO,Seminar Rm 2-5,10
IS102,S1,2,12:00,15:15,Someone,Somewhere,10
IS103,S1,3,12:00,15:15,Someone,Somewhere,10
IS104,S1,4,12:00,15:15,Someone,Somewhere,10
IS105,S1,5,12:00,15:15,Someone,Somewhere,10
IS106,S1,6,12:00,15:15,Someone,Somewhere,10
